Prairies;Renards,Ours
Prairies;Ours,Saumons
Montagnes;Wapiti,Ours
Prairies;Renard,Buse
Marais;Saumon,Ours
Forets;Wapiti,Renard
Rivieres;Buse,Saumon
Montagnes;Renard,Ours
Prairies;Wapiti,Saumon
Marais;Buse,Renard
Forets;Ours,Saumon
Rivieres;Wapiti,Buse
Montagnes;Saumon,Renard
Prairies;Ours,Buse
Marais;Wapiti,Renard
Forets;Saumon,Buse
Rivieres;Ours,Wapiti
Montagnes;Renard,Saumon
Prairies;Buse,Ours
Marais;Wapiti,Saumon
Forets;Renard,Buse
Rivieres;Ours,Saumon
Montagnes;Wapiti,Buse
Prairies;Renard,Ours
Marais;Saumon,Wapiti
Forets;Buse,Renard
Rivieres;Ours,Saumon
Montagnes;Wapiti,Renard
Prairies;Buse,Saumon
Marais;Ours,Wapiti
Forets;Renard,Saumon
Rivieres;Buse,Ours
Montagnes;Wapiti,Saumon
Prairies;Renard,Buse
Marais;Ours,Saumon
Forets;Wapiti,Renard
Rivieres;Buse,Saumon
Montagnes;Ours,Renard
Prairies;Wapiti,Buse
Marais;Saumon,Ours
Forets;Renard,Wapiti
Rivieres;Buse,Ours
Montagnes;Saumon,Renard
